User Input,Chatbot Response,Timestamp
hi,Hello! How can I assist you with the universe today?,2024-12-26 20:32:29
Help me,"I am familiar with the concepts of:
Planets
Stars
Galaxies
Black Holes
Big Bang
Universe",2024-12-26 20:32:35
hey,Hello! How can I assist you with the universe today?,2024-12-26 20:43:31
help me,"I am well-versed in a wide range of fascinating topics, including:
- Planets
- Stars
- Galaxies
- Black Holes
- The Big Bang
- Space Exploration
- Exoplanets
- Cosmic Events
- The Universe",2024-12-26 20:43:36
tell me about planets,"Did you know Jupiter is the largest planet, and Mercury is the smallest?",2024-12-26 20:43:49
help me,"I am well-versed in a wide range of fascinating topics, including:
- Planets
- Stars
- Galaxies
- Black Holes
- The Big Bang
- Space Exploration
- Exoplanets
- Cosmic Events
- The Universe",2024-12-26 20:43:57
what is cosmic events,"Gamma-ray bursts are intense emissions of gamma radiation, often associated with massive cosmic explosions.",2024-12-26 20:44:10
what you know about universe,"I am well-versed in a wide range of fascinating topics, including:
- Planets
- Stars
- Galaxies
- Black Holes
- The Big Bang
- Space Exploration
- Exoplanets
- Cosmic Events
- The Universe",2024-12-26 20:44:26
hi,Greetings! What would you like to learn about the universe?,2024-12-26 20:46:33
help me,"I am well-versed in a wide range of fascinating topics, including:
- Planets
- Stars
- Galaxies
- Black Holes
- The Big Bang
- Space Exploration
- Exoplanets
- Cosmic Events
- The Universe",2024-12-26 20:46:38
what you know about universe,"I am well-versed in a wide range of fascinating topics, including:
- Planets
- Stars
- Galaxies
- Black Holes
- The Big Bang
- Space Exploration
- Exoplanets
- Cosmic Events
- The Universe",2024-12-26 20:46:50
what is a universe,"It is believed that the universe is infinite in size, and its full extent is still unknown.",2024-12-26 20:47:02
tell me about universe,"The universe is all of space and time, including everything in it such as stars, planets, galaxies, and cosmic phenomena.",2024-12-26 20:47:30
Hiiiiiiii,"I am well-versed in a wide range of fascinating topics, including:
- Planets
- Stars
- Galaxies
- Black Holes
- The Big Bang
- Space Exploration
- Exoplanets
- Cosmic Events
- The Universe",2024-12-26 20:48:02
Hi!,Greetings! What would you like to learn about the universe?,2024-12-26 20:48:08
Hello!,Hi there! Ready to explore the cosmos?,2024-12-26 20:48:17
Help me,"I am well-versed in a wide range of fascinating topics, including:
- Planets
- Stars
- Galaxies
- Black Holes
- The Big Bang
- Space Exploration
- Exoplanets
- Cosmic Events
- The Universe",2024-12-26 20:49:00
tell me about planets,"Did you know Jupiter is the largest planet, and Mercury is the smallest?",2024-12-26 20:49:19
fact about universe,"The mysteries of the universe include the nature of dark matter, dark energy, and the potential for other universes beyond our own.",2024-12-26 20:49:37
